geographicarea,cityname,city,statename,state_abbr,population2020,statefp,placefp,statefips,placefips,stateplacefp
"Auburn city, Alabama",Auburn city,Auburn,Alabama,AL,76000,1,3076,01,03076,0103076
"Birmingham city, Alabama",Birmingham city,Birmingham,Alabama,AL,200763,1,7000,01,07000,0107000
"Hoover city, Alabama",Hoover city,Hoover,Alabama,AL,92651,1,35896,01,35896,0135896
"Huntsville city, Alabama",Huntsville city,Huntsville,Alabama,AL,214372,1,37000,01,37000,0137000
"Mobile city, Alabama",Mobile city,Mobile,Alabama,AL,186833,1,50000,01,50000,0150000
"Montgomery city, Alabama",Montgomery city,Montgomery,Alabama,AL,200567,1,51000,01,51000,0151000
"Tuscaloosa city, Alabama",Tuscaloosa city,Tuscaloosa,Alabama,AL,99706,1,77256,01,77256,0177256
"Anchorage municipality, Alaska",Anchorage municipality,Anchorage,Alaska,AK,291247,2,3000,02,03000,0203000
"Avondale city, Arizona",Avondale city,Avondale,Arizona,AZ,89490,4,4720,04,04720,0404720
"Buckeye city, Arizona",Buckeye city,Buckeye,Arizona,AZ,91154,4,7940,04,07940,0407940
"Chandler city, Arizona",Chandler city,Chandler,Arizona,AZ,276330,4,12000,04,12000,0412000
"Flagstaff city, Arizona",Flagstaff city,Flagstaff,Arizona,AZ,76781,4,23620,04,23620,0423620
"Gilbert town, Arizona",Gilbert town,Gilbert,Arizona,AZ,268302,4,27400,04,27400,0427400
"Glendale city, Arizona",Glendale city,Glendale,Arizona,AZ,248345,4,27820,04,27820,0427820
"Goodyear city, Arizona",Goodyear city,Goodyear,Arizona,AZ,95003,4,28380,04,28380,0428380
"Mesa city, Arizona",Mesa city,Mesa,Arizona,AZ,504500,4,46000,04,46000,0446000
"Peoria city, Arizona",Peoria city,Peoria,Arizona,AZ,191052,4,54050,04,54050,0454050
"Phoenix city, Arizona",Phoenix city,Phoenix,Arizona,AZ,1607739,4,55000,04,55000,0455000
"Scottsdale city, Arizona",Scottsdale city,Scottsdale,Arizona,AZ,241488,4,65000,04,65000,0465000
"Surprise city, Arizona",Surprise city,Surprise,Arizona,AZ,143261,4,71510,04,71510,0471510
"Tempe city, Arizona",Tempe city,Tempe,Arizona,AZ,179765,4,73000,04,73000,0473000
"Tucson city, Arizona",Tucson city,Tucson,Arizona,AZ,541349,4,77000,04,77000,0477000
"Yuma city, Arizona",Yuma city,Yuma,Arizona,AZ,95814,4,85540,04,85540,0485540
"Fayetteville city, Arkansas",Fayetteville city,Fayetteville,Arkansas,AR,93582,5,23290,05,23290,0523290
"Fort Smith city, Arkansas",Fort Smith city,Fort Smith,Arkansas,AR,89177,5,24550,05,24550,0524550
"Jonesboro city, Arkansas",Jonesboro city,Jonesboro,Arkansas,AR,78524,5,35710,05,35710,0535710
"Little Rock city, Arkansas",Little Rock city,Little Rock,Arkansas,AR,202514,5,41000,05,41000,0541000
"Springdale city, Arkansas",Springdale city,Springdale,Arkansas,AR,87441,5,66080,05,66080,0566080
"Alameda city, California",Alameda city,Alameda,California,CA,78611,6,562,06,00562,0600562
"Alhambra city, California",Alhambra city,Alhambra,California,CA,83001,6,884,06,00884,0600884
"Anaheim city, California",Anaheim city,Anaheim,California,CA,347015,6,2000,06,02000,0602000
"Antioch city, California",Antioch city,Antioch,California,CA,115360,6,2252,06,02252,0602252
"Apple Valley town, California",Apple Valley town,Apple Valley,California,CA,75913,6,2364,06,02364,0602364
"Bakersfield city, California",Bakersfield city,Bakersfield,California,CA,402907,6,3526,06,03526,0603526
"Bellflower city, California",Bellflower city,Bellflower,California,CA,79298,6,4982,06,04982,0604982
"Berkeley city, California",Berkeley city,Berkeley,California,CA,119693,6,6000,06,06000,0606000
"Buena Park city, California",Buena Park city,Buena Park,California,CA,84173,6,8786,06,08786,0608786
"Burbank city, California",Burbank city,Burbank,California,CA,107563,6,8954,06,08954,0608954
"Carlsbad city, California",Carlsbad city,Carlsbad,California,CA,114972,6,11194,06,11194,0611194
"Carson city, California",Carson city,Carson,California,CA,95367,6,11530,06,11530,0611530
"Chico city, California",Chico city,Chico,California,CA,102849,6,13014,06,13014,0613014
"Chino city, California",Chino city,Chino,California,CA,90989,6,13210,06,13210,0613210
"Chino Hills city, California",Chino Hills city,Chino Hills,California,CA,78573,6,13214,06,13214,0613214
"Chula Vista city, California",Chula Vista city,Chula Vista,California,CA,276025,6,13392,06,13392,0613392
"Citrus Heights city, California",Citrus Heights city,Citrus Heights,California,CA,88018,6,13588,06,13588,0613588
"Clovis city, California",Clovis city,Clovis,California,CA,120254,6,14218,06,14218,0614218
"Compton city, California",Compton city,Compton,California,CA,95959,6,15044,06,15044,0615044
"Concord city, California",Concord city,Concord,California,CA,125389,6,16000,06,16000,0616000
"Corona city, California",Corona city,Corona,California,CA,157265,6,16350,06,16350,0616350
"Costa Mesa city, California",Costa Mesa city,Costa Mesa,California,CA,111915,6,16532,06,16532,0616532
"Daly City city, California",Daly City city,Daly City,California,CA,104940,6,17918,06,17918,0617918
"Downey city, California",Downey city,Downey,California,CA,114558,6,19766,06,19766,0619766
"El Cajon city, California",El Cajon city,El Cajon,California,CA,106286,6,21712,06,21712,0621712
"Elk Grove city, California",Elk Grove city,Elk Grove,California,CA,177145,6,22020,06,22020,0622020
"El Monte city, California",El Monte city,El Monte,California,CA,109554,6,22230,06,22230,0622230
"Escondido city, California",Escondido city,Escondido,California,CA,151271,6,22804,06,22804,0622804
"Fairfield city, California",Fairfield city,Fairfield,California,CA,119793,6,23182,06,23182,0623182
"Folsom city, California",Folsom city,Folsom,California,CA,79036,6,24638,06,24638,0624638
"Fontana city, California",Fontana city,Fontana,California,CA,208766,6,24680,06,24680,0624680
"Fremont city, California",Fremont city,Fremont,California,CA,232084,6,26000,06,26000,0626000
"Fresno city, California",Fresno city,Fresno,California,CA,542161,6,27000,06,27000,0627000
"Fullerton city, California",Fullerton city,Fullerton,California,CA,143367,6,28000,06,28000,0628000
"Garden Grove city, California",Garden Grove city,Garden Grove,California,CA,172144,6,29000,06,29000,0629000
"Glendale city, California",Glendale city,Glendale,California,CA,196841,6,30000,06,30000,0630000
"Hawthorne city, California",Hawthorne city,Hawthorne,California,CA,88255,6,32548,06,32548,0632548
"Hayward city, California",Hayward city,Hayward,California,CA,163635,6,33000,06,33000,0633000
"Hemet city, California",Hemet city,Hemet,California,CA,89855,6,33182,06,33182,0633182
"Hesperia city, California",Hesperia city,Hesperia,California,CA,100038,6,33434,06,33434,0633434
"Huntington Beach city, California",Huntington Beach city,Huntington Beach,California,CA,199140,6,36000,06,36000,0636000
"Indio city, California",Indio city,Indio,California,CA,89127,6,36448,06,36448,0636448
"Inglewood city, California",Inglewood city,Inglewood,California,CA,107961,6,36546,06,36546,0636546
"Irvine city, California",Irvine city,Irvine,California,CA,305313,6,36770,06,36770,0636770
"Jurupa Valley city, California",Jurupa Valley city,Jurupa Valley,California,CA,105107,6,37692,06,37692,0637692
"Lake Forest city, California",Lake Forest city,Lake Forest,California,CA,86070,6,39496,06,39496,0639496
"Lakewood city, California",Lakewood city,Lakewood,California,CA,82727,6,39892,06,39892,0639892
"Lancaster city, California",Lancaster city,Lancaster,California,CA,173305,6,40130,06,40130,0640130
"Livermore city, California",Livermore city,Livermore,California,CA,88614,6,41992,06,41992,0641992
"Long Beach city, California",Long Beach city,Long Beach,California,CA,466302,6,43000,06,43000,0643000
"Los Angeles city, California",Los Angeles city,Los Angeles,California,CA,3893986,6,44000,06,44000,0644000
"Manteca city, California",Manteca city,Manteca,California,CA,83678,6,45484,06,45484,0645484
"Menifee city, California",Menifee city,Menifee,California,CA,102654,6,46842,06,46842,0646842
"Merced city, California",Merced city,Merced,California,CA,86141,6,46898,06,46898,0646898
"Milpitas city, California",Milpitas city,Milpitas,California,CA,80275,6,47766,06,47766,0647766
"Mission Viejo city, California",Mission Viejo city,Mission Viejo,California,CA,93759,6,48256,06,48256,0648256
"Modesto city, California",Modesto city,Modesto,California,CA,218471,6,48354,06,48354,0648354
"Moreno Valley city, California",Moreno Valley city,Moreno Valley,California,CA,208865,6,49270,06,49270,0649270
"Mountain View city, California",Mountain View city,Mountain View,California,CA,82592,6,49670,06,49670,0649670
"Murrieta city, California",Murrieta city,Murrieta,California,CA,111050,6,50076,06,50076,0650076
"Napa city, California",Napa city,Napa,California,CA,79276,6,50258,06,50258,0650258
"Newport Beach city, California",Newport Beach city,Newport Beach,California,CA,85411,6,51182,06,51182,0651182
"Norwalk city, California",Norwalk city,Norwalk,California,CA,102910,6,52526,06,52526,0652526
"Oakland city, California",Oakland city,Oakland,California,CA,439349,6,53000,06,53000,0653000
"Oceanside city, California",Oceanside city,Oceanside,California,CA,174352,6,53322,06,53322,0653322
"Ontario city, California",Ontario city,Ontario,California,CA,175518,6,53896,06,53896,0653896
"Orange city, California",Orange city,Orange,California,CA,138992,6,53980,06,53980,0653980
"Oxnard city, California",Oxnard city,Oxnard,California,CA,202185,6,54652,06,54652,0654652
"Palmdale city, California",Palmdale city,Palmdale,California,CA,169913,6,55156,06,55156,0655156
"Pasadena city, California",Pasadena city,Pasadena,California,CA,138679,6,56000,06,56000,0656000
"Perris city, California",Perris city,Perris,California,CA,78786,6,56700,06,56700,0656700
"Pittsburg city, California",Pittsburg city,Pittsburg,California,CA,76439,6,57456,06,57456,0657456
"Pleasanton city, California",Pleasanton city,Pleasanton,California,CA,80421,6,57792,06,57792,0657792
"Pomona city, California",Pomona city,Pomona,California,CA,151554,6,58072,06,58072,0658072
"Rancho Cordova city, California",Rancho Cordova city,Rancho Cordova,California,CA,79666,6,59444,06,59444,0659444
"Rancho Cucamonga city, California",Rancho Cucamonga city,Rancho Cucamonga,California,CA,174628,6,59451,06,59451,0659451
"Redding city, California",Redding city,Redding,California,CA,93559,6,59920,06,59920,0659920
"Redwood City city, California",Redwood City city,Redwood City,California,CA,84234,6,60102,06,60102,0660102
"Rialto city, California",Rialto city,Rialto,California,CA,104216,6,60466,06,60466,0660466
"Richmond city, California",Richmond city,Richmond,California,CA,116287,6,60620,06,60620,0660620
"Riverside city, California",Riverside city,Riverside,California,CA,314347,6,62000,06,62000,0662000
"Roseville city, California",Roseville city,Roseville,California,CA,147817,6,62938,06,62938,0662938
"Sacramento city, California",Sacramento city,Sacramento,California,CA,522754,6,64000,06,64000,0664000
"Salinas city, California",Salinas city,Salinas,California,CA,163687,6,64224,06,64224,0664224
"San Bernardino city, California",San Bernardino city,San Bernardino,California,CA,221898,6,65000,06,65000,0665000
"San Buenaventura (Ventura) city, California",San Buenaventura (Ventura) city,San Buenaventura (Ventura),California,CA,110600,6,65042,06,65042,0665042
"San Diego city, California",San Diego city,San Diego,California,CA,1385922,6,66000,06,66000,0666000
"San Francisco city, California",San Francisco city,San Francisco,California,CA,873965,6,67000,06,67000,0667000
"San Jose city, California",San Jose city,San Jose,California,CA,1014545,6,68000,06,68000,0668000
"San Leandro city, California",San Leandro city,San Leandro,California,CA,91675,6,68084,06,68084,0668084
"San Marcos city, California",San Marcos city,San Marcos,California,CA,94914,6,68196,06,68196,0668196
"San Mateo city, California",San Mateo city,San Mateo,California,CA,105674,6,68252,06,68252,0668252
"San Ramon city, California",San Ramon city,San Ramon,California,CA,86426,6,68378,06,68378,0668378
"Santa Ana city, California",Santa Ana city,Santa Ana,California,CA,310538,6,69000,06,69000,0669000
"Santa Barbara city, California",Santa Barbara city,Santa Barbara,California,CA,88730,6,69070,06,69070,0669070
"Santa Clara city, California",Santa Clara city,Santa Clara,California,CA,127452,6,69084,06,69084,0669084
"Santa Clarita city, California",Santa Clarita city,Santa Clarita,California,CA,229213,6,69088,06,69088,0669088
"Santa Maria city, California",Santa Maria city,Santa Maria,California,CA,109903,6,69196,06,69196,0669196
"Santa Monica city, California",Santa Monica city,Santa Monica,California,CA,93028,6,70000,06,70000,0670000
"Santa Rosa city, California",Santa Rosa city,Santa Rosa,California,CA,178155,6,70098,06,70098,0670098
"Simi Valley city, California",Simi Valley city,Simi Valley,California,CA,126487,6,72016,06,72016,0672016
"South Gate city, California",South Gate city,South Gate,California,CA,92971,6,73080,06,73080,0673080
"Stockton city, California",Stockton city,Stockton,California,CA,320759,6,75000,06,75000,0675000
"Sunnyvale city, California",Sunnyvale city,Sunnyvale,California,CA,156291,6,77000,06,77000,0677000
"Temecula city, California",Temecula city,Temecula,California,CA,110130,6,78120,06,78120,0678120
"Thousand Oaks city, California",Thousand Oaks city,Thousand Oaks,California,CA,126926,6,78582,06,78582,0678582
"Torrance city, California",Torrance city,Torrance,California,CA,147323,6,80000,06,80000,0680000
"Tracy city, California",Tracy city,Tracy,California,CA,93356,6,80238,06,80238,0680238
"Tustin city, California",Tustin city,Tustin,California,CA,80142,6,80854,06,80854,0680854
"Upland city, California",Upland city,Upland,California,CA,79110,6,81344,06,81344,0681344
"Vacaville city, California",Vacaville city,Vacaville,California,CA,102675,6,81554,06,81554,0681554
"Vallejo city, California",Vallejo city,Vallejo,California,CA,126035,6,81666,06,81666,0681666
"Victorville city, California",Victorville city,Victorville,California,CA,134550,6,82590,06,82590,0682590
"Visalia city, California",Visalia city,Visalia,California,CA,141561,6,82954,06,82954,0682954
"Vista city, California",Vista city,Vista,California,CA,98484,6,82996,06,82996,0682996
"West Covina city, California",West Covina city,West Covina,California,CA,109772,6,84200,06,84200,0684200
"Westminster city, California",Westminster city,Westminster,California,CA,91089,6,84550,06,84550,0684550
"Whittier city, California",Whittier city,Whittier,California,CA,87383,6,85292,06,85292,0685292
"Arvada city, Colorado",Arvada city,Arvada,Colorado,CO,124539,8,3455,08,03455,0803455
"Aurora city, Colorado",Aurora city,Aurora,Colorado,CO,386241,8,4000,08,04000,0804000
"Boulder city, Colorado",Boulder city,Boulder,Colorado,CO,105414,8,7850,08,07850,0807850
"Centennial city, Colorado",Centennial city,Centennial,Colorado,CO,108353,8,12815,08,12815,0812815
"Colorado Springs city, Colorado",Colorado Springs city,Colorado Springs,Colorado,CO,479260,8,16000,08,16000,0816000
"Denver city, Colorado",Denver city,Denver,Colorado,CO,715522,8,20000,08,20000,0820000
"Fort Collins city, Colorado",Fort Collins city,Fort Collins,Colorado,CO,168972,8,27425,08,27425,0827425
"Greeley city, Colorado",Greeley city,Greeley,Colorado,CO,108935,8,32155,08,32155,0832155
"Lakewood city, Colorado",Lakewood city,Lakewood,Colorado,CO,155944,8,43000,08,43000,0843000
"Longmont city, Colorado",Longmont city,Longmont,Colorado,CO,100119,8,45970,08,45970,0845970
"Loveland city, Colorado",Loveland city,Loveland,Colorado,CO,76677,8,46465,08,46465,0846465
"Pueblo city, Colorado",Pueblo city,Pueblo,Colorado,CO,111925,8,62000,08,62000,0862000
"Thornton city, Colorado",Thornton city,Thornton,Colorado,CO,141935,8,77290,08,77290,0877290
"Westminster city, Colorado",Westminster city,Westminster,Colorado,CO,116375,8,83835,08,83835,0883835
"Bridgeport city, Connecticut",Bridgeport city,Bridgeport,Connecticut,CT,148692,9,8000,09,08000,0908000
"Danbury city, Connecticut",Danbury city,Danbury,Connecticut,CT,86550,9,18430,09,18430,0918430
"Hartford city, Connecticut",Hartford city,Hartford,Connecticut,CT,121219,9,37000,09,37000,0937000
"New Haven city, Connecticut",New Haven city,New Haven,Connecticut,CT,133924,9,52000,09,52000,0952000
"Norwalk city, Connecticut",Norwalk city,Norwalk,Connecticut,CT,91143,9,55990,09,55990,0955990
"Stamford city, Connecticut",Stamford city,Stamford,Connecticut,CT,135445,9,73000,09,73000,0973000
"Waterbury city, Connecticut",Waterbury city,Waterbury,Connecticut,CT,114446,9,80000,09,80000,0980000
,Washington city,Washington,,DC,,11,50000,11,50000,1150000
"Boca Raton city, Florida",Boca Raton city,Boca Raton,Florida,FL,96358,12,7300,12,07300,1207300
"Boynton Beach city, Florida",Boynton Beach city,Boynton Beach,Florida,FL,80401,12,7875,12,07875,1207875
"Cape Coral city, Florida",Cape Coral city,Cape Coral,Florida,FL,194979,12,10275,12,10275,1210275
"Clearwater city, Florida",Clearwater city,Clearwater,Florida,FL,117227,12,12875,12,12875,1212875
"Coral Springs city, Florida",Coral Springs city,Coral Springs,Florida,FL,134366,12,14400,12,14400,1214400
"Davie town, Florida",Davie town,Davie,Florida,FL,105719,12,16475,12,16475,1216475
"Deerfield Beach city, Florida",Deerfield Beach city,Deerfield Beach,Florida,FL,86873,12,16725,12,16725,1216725
"Deltona city, Florida",Deltona city,Deltona,Florida,FL,94158,12,17200,12,17200,1217200
"Doral city, Florida",Doral city,Doral,Florida,FL,75803,12,17935,12,17935,1217935
"Fort Lauderdale city, Florida",Fort Lauderdale city,Fort Lauderdale,Florida,FL,182817,12,24000,12,24000,1224000
"Fort Myers city, Florida",Fort Myers city,Fort Myers,Florida,FL,85525,12,24125,12,24125,1224125
"Gainesville city, Florida",Gainesville city,Gainesville,Florida,FL,139835,12,25175,12,25175,1225175
"Hialeah city, Florida",Hialeah city,Hialeah,Florida,FL,223017,12,30000,12,30000,1230000
"Hollywood city, Florida",Hollywood city,Hollywood,Florida,FL,153061,12,32000,12,32000,1232000
"Homestead city, Florida",Homestead city,Homestead,Florida,FL,80697,12,32275,12,32275,1232275
"Jacksonville city, Florida",Jacksonville city,Jacksonville,Florida,FL,949577,12,35000,12,35000,1235000
"Kissimmee city, Florida",Kissimmee city,Kissimmee,Florida,FL,79242,12,36950,12,36950,1236950
"Lakeland city, Florida",Lakeland city,Lakeland,Florida,FL,111881,12,38250,12,38250,1238250
"Largo city, Florida",Largo city,Largo,Florida,FL,82632,12,39425,12,39425,1239425
"Melbourne city, Florida",Melbourne city,Melbourne,Florida,FL,84313,12,43975,12,43975,1243975
"Miami city, Florida",Miami city,Miami,Florida,FL,442265,12,45000,12,45000,1245000
"Miami Beach city, Florida",Miami Beach city,Miami Beach,Florida,FL,82826,12,45025,12,45025,1245025
"Miami Gardens city, Florida",Miami Gardens city,Miami Gardens,Florida,FL,111579,12,45060,12,45060,1245060
"Miramar city, Florida",Miramar city,Miramar,Florida,FL,134676,12,45975,12,45975,1245975
"North Port city, Florida",North Port city,North Port,Florida,FL,75175,12,49675,12,49675,1249675
"Orlando city, Florida",Orlando city,Orlando,Florida,FL,307674,12,53000,12,53000,1253000
"Palm Bay city, Florida",Palm Bay city,Palm Bay,Florida,FL,119874,12,54000,12,54000,1254000
"Palm Coast city, Florida",Palm Coast city,Palm Coast,Florida,FL,89310,12,54200,12,54200,1254200
"Pembroke Pines city, Florida",Pembroke Pines city,Pembroke Pines,Florida,FL,171163,12,55775,12,55775,1255775
"Plantation city, Florida",Plantation city,Plantation,Florida,FL,91736,12,57425,12,57425,1257425
"Pompano Beach city, Florida",Pompano Beach city,Pompano Beach,Florida,FL,112117,12,58050,12,58050,1258050
"Port St. Lucie city, Florida",Port St. Lucie city,Port St. Lucie,Florida,FL,204913,12,58715,12,58715,1258715
"St. Petersburg city, Florida",St. Petersburg city,St. Petersburg,Florida,FL,258277,12,63000,12,63000,1263000
"Sunrise city, Florida",Sunrise city,Sunrise,Florida,FL,97313,12,69700,12,69700,1269700
"Tallahassee city, Florida",Tallahassee city,Tallahassee,Florida,FL,196068,12,70600,12,70600,1270600
"Tampa city, Florida",Tampa city,Tampa,Florida,FL,382769,12,71000,12,71000,1271000
"West Palm Beach city, Florida",West Palm Beach city,West Palm Beach,Florida,FL,117151,12,76600,12,76600,1276600
"Athens-Clarke County unified government (balance), Georgia",Athens-Clarke County unified government (balance),Athens-Clarke County unified government (balance),Georgia,GA,127320,13,3440,13,03440,1303440
"Atlanta city, Georgia",Atlanta city,Atlanta,Georgia,GA,498602,13,4000,13,04000,1304000
"Augusta-Richmond County consolidated government (balance), Georgia",Augusta-Richmond County consolidated government (balance),Augusta-Richmond County consolidated government (balance),Georgia,GA,202123,13,4204,13,04204,1304204
"Columbus city, Georgia",Columbus city,Columbus,Georgia,GA,206922,13,19000,13,19000,1319000
"Johns Creek city, Georgia",Johns Creek city,Johns Creek,Georgia,GA,82499,13,42425,13,42425,1342425
"Macon-Bibb County, Georgia",Macon-Bibb County,Macon-Bibb County,Georgia,GA,157346,13,49008,13,49008,1349008
"Roswell city, Georgia",Roswell city,Roswell,Georgia,GA,92892,13,67284,13,67284,1367284
"Sandy Springs city, Georgia",Sandy Springs city,Sandy Springs,Georgia,GA,108134,13,68516,13,68516,1368516
"Savannah city, Georgia",Savannah city,Savannah,Georgia,GA,148095,13,69000,13,69000,1369000
"South Fulton city, Georgia",South Fulton city,South Fulton,Georgia,GA,107524,13,72122,13,72122,1372122
"Warner Robins city, Georgia",Warner Robins city,Warner Robins,Georgia,GA,80324,13,80508,13,80508,1380508
"Urban Honolulu CDP, Hawaii",Urban Honolulu CDP,Urban Honolulu,Hawaii,HI,350943,15,71550,15,71550,1571550
"Boise City city, Idaho",Boise City city,Boise City,Idaho,ID,235670,16,8830,16,08830,1608830
"Meridian city, Idaho",Meridian city,Meridian,Idaho,ID,118099,16,52120,16,52120,1652120
"Nampa city, Idaho",Nampa city,Nampa,Idaho,ID,100252,16,56260,16,56260,1656260
"Arlington Heights village, Illinois",Arlington Heights village,Arlington Heights,Illinois,IL,77595,17,2154,17,02154,1702154
"Aurora city, Illinois",Aurora city,Aurora,Illinois,IL,180688,17,3012,17,03012,1703012
"Bloomington city, Illinois",Bloomington city,Bloomington,Illinois,IL,78273,17,6613,17,06613,1706613
"Champaign city, Illinois",Champaign city,Champaign,Illinois,IL,88421,17,12385,17,12385,1712385
"Chicago city, Illinois",Chicago city,Chicago,Illinois,IL,2747231,17,14000,17,14000,1714000
"Cicero town, Illinois",Cicero town,Cicero,Illinois,IL,85180,17,14351,17,14351,1714351
"Elgin city, Illinois",Elgin city,Elgin,Illinois,IL,114809,17,23074,17,23074,1723074
"Evanston city, Illinois",Evanston city,Evanston,Illinois,IL,79035,17,24582,17,24582,1724582
"Joliet city, Illinois",Joliet city,Joliet,Illinois,IL,150352,17,38570,17,38570,1738570
"Naperville city, Illinois",Naperville city,Naperville,Illinois,IL,149427,17,51622,17,51622,1751622
"Peoria city, Illinois",Peoria city,Peoria,Illinois,IL,113173,17,59000,17,59000,1759000
"Rockford city, Illinois",Rockford city,Rockford,Illinois,IL,149009,17,65000,17,65000,1765000
"Schaumburg village, Illinois",Schaumburg village,Schaumburg,Illinois,IL,78691,17,68003,17,68003,1768003
"Springfield city, Illinois",Springfield city,Springfield,Illinois,IL,114461,17,72000,17,72000,1772000
"Waukegan city, Illinois",Waukegan city,Waukegan,Illinois,IL,89361,17,79293,17,79293,1779293
"Bloomington city, Indiana",Bloomington city,Bloomington,Indiana,IN,79912,18,5860,18,05860,1805860
"Carmel city, Indiana",Carmel city,Carmel,Indiana,IN,99777,18,10342,18,10342,1810342
"Evansville city, Indiana",Evansville city,Evansville,Indiana,IN,117298,18,22000,18,22000,1822000
"Fishers city, Indiana",Fishers city,Fishers,Indiana,IN,99053,18,23278,18,23278,1823278
"Fort Wayne city, Indiana",Fort Wayne city,Fort Wayne,Indiana,IN,263852,18,25000,18,25000,1825000
"Hammond city, Indiana",Hammond city,Hammond,Indiana,IN,77754,18,31000,18,31000,1831000
"Indianapolis city (balance), Indiana",Indianapolis city (balance),Indianapolis city (balance),Indiana,IN,887752,18,36003,18,36003,1836003
"South Bend city, Indiana",South Bend city,South Bend,Indiana,IN,103675,18,71000,18,71000,1871000
"Cedar Rapids city, Iowa",Cedar Rapids city,Cedar Rapids,Iowa,IA,137664,19,12000,19,12000,1912000
"Davenport city, Iowa",Davenport city,Davenport,Iowa,IA,101728,19,19000,19,19000,1919000
"Des Moines city, Iowa",Des Moines city,Des Moines,Iowa,IA,214137,19,21000,19,21000,1921000
"Sioux City city, Iowa",Sioux City city,Sioux City,Iowa,IA,85731,19,73335,19,73335,1973335
"Kansas City city, Kansas",Kansas City city,Kansas City,Kansas,KS,156602,20,36000,20,36000,2036000
"Lawrence city, Kansas",Lawrence city,Lawrence,Kansas,KS,94909,20,38900,20,38900,2038900
"Olathe city, Kansas",Olathe city,Olathe,Kansas,KS,141238,20,52575,20,52575,2052575
"Overland Park city, Kansas",Overland Park city,Overland Park,Kansas,KS,197295,20,53775,20,53775,2053775
"Topeka city, Kansas",Topeka city,Topeka,Kansas,KS,126515,20,71000,20,71000,2071000
"Wichita city, Kansas",Wichita city,Wichita,Kansas,KS,397070,20,79000,20,79000,2079000
"Lexington-Fayette urban county, Kentucky",Lexington-Fayette urban county,Lexington-Fayette,Kentucky,KY,322570,21,46027,21,46027,2146027
"Louisville/Jefferson County metro government (balance), Kentucky",Louisville/Jefferson County metro government (balance),Louisville/Jefferson County metro government (balance),Kentucky,KY,632689,21,48006,21,48006,2148006
"Baton Rouge city, Louisiana",Baton Rouge city,Baton Rouge,Louisiana,LA,225128,22,5000,22,05000,2205000
"Lafayette city, Louisiana",Lafayette city,Lafayette,Louisiana,LA,122018,22,40735,22,40735,2240735
"Lake Charles city, Louisiana",Lake Charles city,Lake Charles,Louisiana,LA,85434,22,41155,22,41155,2241155
"New Orleans city, Louisiana",New Orleans city,New Orleans,Louisiana,LA,383997,22,55000,22,55000,2255000
"Shreveport city, Louisiana",Shreveport city,Shreveport,Louisiana,LA,187993,22,70000,22,70000,2270000
"Baltimore city, Maryland",Baltimore city,Baltimore,Maryland,MD,585708,24,4000,24,04000,2404000
"Frederick city, Maryland",Frederick city,Frederick,Maryland,MD,78062,24,30325,24,30325,2430325
"Boston city, Massachusetts",Boston city,Boston,Massachusetts,MA,676216,25,7000,25,07000,2507000
"Brockton city, Massachusetts",Brockton city,Brockton,Massachusetts,MA,105652,25,9000,25,09000,2509000
"Cambridge city, Massachusetts",Cambridge city,Cambridge,Massachusetts,MA,117779,25,11000,25,11000,2511000
"Fall River city, Massachusetts",Fall River city,Fall River,Massachusetts,MA,93938,25,23000,25,23000,2523000
"Lawrence city, Massachusetts",Lawrence city,Lawrence,Massachusetts,MA,89152,25,34550,25,34550,2534550
"Lowell city, Massachusetts",Lowell city,Lowell,Massachusetts,MA,115441,25,37000,25,37000,2537000
"Lynn city, Massachusetts",Lynn city,Lynn,Massachusetts,MA,101238,25,37490,25,37490,2537490
"New Bedford city, Massachusetts",New Bedford city,New Bedford,Massachusetts,MA,101044,25,45000,25,45000,2545000
"Newton city, Massachusetts",Newton city,Newton,Massachusetts,MA,88787,25,45560,25,45560,2545560
"Quincy city, Massachusetts",Quincy city,Quincy,Massachusetts,MA,101685,25,55745,25,55745,2555745
"Somerville city, Massachusetts",Somerville city,Somerville,Massachusetts,MA,81054,25,62535,25,62535,2562535
"Springfield city, Massachusetts",Springfield city,Springfield,Massachusetts,MA,155913,25,67000,25,67000,2567000
"Worcester city, Massachusetts",Worcester city,Worcester,Massachusetts,MA,206601,25,82000,25,82000,2582000
"Ann Arbor city, Michigan",Ann Arbor city,Ann Arbor,Michigan,MI,122830,26,3000,26,03000,2603000
"Dearborn city, Michigan",Dearborn city,Dearborn,Michigan,MI,109910,26,21000,26,21000,2621000
"Detroit city, Michigan",Detroit city,Detroit,Michigan,MI,639614,26,22000,26,22000,2622000
"Farmington Hills city, Michigan",Farmington Hills city,Farmington Hills,Michigan,MI,83991,26,27440,26,27440,2627440
"Flint city, Michigan",Flint city,Flint,Michigan,MI,81381,26,29000,26,29000,2629000
"Grand Rapids city, Michigan",Grand Rapids city,Grand Rapids,Michigan,MI,198487,26,34000,26,34000,2634000
"Lansing city, Michigan",Lansing city,Lansing,Michigan,MI,112954,26,46000,26,46000,2646000
"Livonia city, Michigan",Livonia city,Livonia,Michigan,MI,95531,26,49000,26,49000,2649000
"Rochester Hills city, Michigan",Rochester Hills city,Rochester Hills,Michigan,MI,76293,26,69035,26,69035,2669035
"Southfield city, Michigan",Southfield city,Southfield,Michigan,MI,76579,26,74900,26,74900,2674900
"Sterling Heights city, Michigan",Sterling Heights city,Sterling Heights,Michigan,MI,134348,26,76460,26,76460,2676460
"Troy city, Michigan",Troy city,Troy,Michigan,MI,87316,26,80700,26,80700,2680700
"Warren city, Michigan",Warren city,Warren,Michigan,MI,139407,26,84000,26,84000,2684000
"Westland city, Michigan",Westland city,Westland,Michigan,MI,85433,26,86000,26,86000,2686000
"Wyoming city, Michigan",Wyoming city,Wyoming,Michigan,MI,76574,26,88940,26,88940,2688940
"Bloomington city, Minnesota",Bloomington city,Bloomington,Minnesota,MN,90012,27,6616,27,06616,2706616
"Brooklyn Park city, Minnesota",Brooklyn Park city,Brooklyn Park,Minnesota,MN,86688,27,7966,27,07966,2707966
"Duluth city, Minnesota",Duluth city,Duluth,Minnesota,MN,86645,27,17000,27,17000,2717000
"Minneapolis city, Minnesota",Minneapolis city,Minneapolis,Minnesota,MN,428403,27,43000,27,43000,2743000
"Plymouth city, Minnesota",Plymouth city,Plymouth,Minnesota,MN,81181,27,51730,27,51730,2751730
"Rochester city, Minnesota",Rochester city,Rochester,Minnesota,MN,121244,27,54880,27,54880,2754880
"St. Paul city, Minnesota",St. Paul city,St. Paul,Minnesota,MN,311448,27,58000,27,58000,2758000
"Woodbury city, Minnesota",Woodbury city,Woodbury,Minnesota,MN,75163,27,71428,27,71428,2771428
"Jackson city, Mississippi",Jackson city,Jackson,Mississippi,MS,153643,28,36000,28,36000,2836000
"Columbia city, Missouri",Columbia city,Columbia,Missouri,MO,125691,29,15670,29,15670,2915670
"Independence city, Missouri",Independence city,Independence,Missouri,MO,123028,29,35000,29,35000,2935000
"Kansas City city, Missouri",Kansas City city,Kansas City,Missouri,MO,507969,29,38000,29,38000,2938000
"Lee's Summit city, Missouri",Lee's Summit city,Lee's Summit,Missouri,MO,101160,29,41348,29,41348,2941348
"O'Fallon city, Missouri",O'Fallon city,O'Fallon,Missouri,MO,91390,29,54074,29,54074,2954074
"St. Louis city, Missouri",St. Louis city,St. Louis,Missouri,MO,301578,29,65000,29,65000,2965000
"Springfield city, Missouri",Springfield city,Springfield,Missouri,MO,169767,29,70000,29,70000,2970000
"Billings city, Montana",Billings city,Billings,Montana,MT,117077,30,6550,30,06550,3006550
"Lincoln city, Nebraska",Lincoln city,Lincoln,Nebraska,NE,291114,31,28000,31,28000,3128000
"Omaha city, Nebraska",Omaha city,Omaha,Nebraska,NE,490627,31,37000,31,37000,3137000
"Henderson city, Nevada",Henderson city,Henderson,Nevada,NV,317521,32,31900,32,31900,3231900
"Las Vegas city, Nevada",Las Vegas city,Las Vegas,Nevada,NV,641825,32,40000,32,40000,3240000
"North Las Vegas city, Nevada",North Las Vegas city,North Las Vegas,Nevada,NV,262678,32,51800,32,51800,3251800
"Reno city, Nevada",Reno city,Reno,Nevada,NV,263436,32,60600,32,60600,3260600
"Sparks city, Nevada",Sparks city,Sparks,Nevada,NV,108772,32,68400,32,68400,3268400
"Manchester city, New Hampshire",Manchester city,Manchester,New Hampshire,NH,115555,33,45140,33,45140,3345140
"Nashua city, New Hampshire",Nashua city,Nashua,New Hampshire,NH,91405,33,50260,33,50260,3350260
"Clifton city, New Jersey",Clifton city,Clifton,New Jersey,NJ,90222,34,13690,34,13690,3413690
"Elizabeth city, New Jersey",Elizabeth city,Elizabeth,New Jersey,NJ,137316,34,21000,34,21000,3421000
"Jersey City city, New Jersey",Jersey City city,Jersey City,New Jersey,NJ,292412,34,36000,34,36000,3436000
"Newark city, New Jersey",Newark city,Newark,New Jersey,NJ,310876,34,51000,34,51000,3451000
"Paterson city, New Jersey",Paterson city,Paterson,New Jersey,NJ,159674,34,57000,34,57000,3457000
"Trenton city, New Jersey",Trenton city,Trenton,New Jersey,NJ,90857,34,74000,34,74000,3474000
"Albuquerque city, New Mexico",Albuquerque city,Albuquerque,New Mexico,NM,564563,35,2000,35,02000,3502000
"Las Cruces city, New Mexico",Las Cruces city,Las Cruces,New Mexico,NM,111507,35,39380,35,39380,3539380
"Rio Rancho city, New Mexico",Rio Rancho city,Rio Rancho,New Mexico,NM,103977,35,63460,35,63460,3563460
"Santa Fe city, New Mexico",Santa Fe city,Santa Fe,New Mexico,NM,87497,35,70500,35,70500,3570500
"Albany city, New York",Albany city,Albany,New York,NY,99345,36,1000,36,01000,3601000
"Buffalo city, New York",Buffalo city,Buffalo,New York,NY,278302,36,11000,36,11000,3611000
"New Rochelle city, New York",New Rochelle city,New Rochelle,New York,NY,79996,36,50617,36,50617,3650617
"New York city, New York",New York city,New York,New York,NY,8804190,36,51000,36,51000,3651000
"Rochester city, New York",Rochester city,Rochester,New York,NY,211233,36,63000,36,63000,3663000
"Syracuse city, New York",Syracuse city,Syracuse,New York,NY,147363,36,73000,36,73000,3673000
"Yonkers city, New York",Yonkers city,Yonkers,New York,NY,211237,36,84000,36,84000,3684000
"Asheville city, North Carolina",Asheville city,Asheville,North Carolina,NC,94539,37,2140,37,02140,3702140
"Cary town, North Carolina",Cary town,Cary,North Carolina,NC,174754,37,10740,37,10740,3710740
"Charlotte city, North Carolina",Charlotte city,Charlotte,North Carolina,NC,874541,37,12000,37,12000,3712000
"Concord city, North Carolina",Concord city,Concord,North Carolina,NC,105186,37,14100,37,14100,3714100
"Durham city, North Carolina",Durham city,Durham,North Carolina,NC,283547,37,19000,37,19000,3719000
"Fayetteville city, North Carolina",Fayetteville city,Fayetteville,North Carolina,NC,208871,37,22920,37,22920,3722920
"Gastonia city, North Carolina",Gastonia city,Gastonia,North Carolina,NC,80367,37,25580,37,25580,3725580
"Greensboro city, North Carolina",Greensboro city,Greensboro,North Carolina,NC,297899,37,28000,37,28000,3728000
"Greenville city, North Carolina",Greenville city,Greenville,North Carolina,NC,87882,37,28080,37,28080,3728080
"High Point city, North Carolina",High Point city,High Point,North Carolina,NC,113887,37,31400,37,31400,3731400
"Raleigh city, North Carolina",Raleigh city,Raleigh,North Carolina,NC,467592,37,55000,37,55000,3755000
"Wilmington city, North Carolina",Wilmington city,Wilmington,North Carolina,NC,115955,37,74440,37,74440,3774440
"Winston-Salem city, North Carolina",Winston-Salem city,Winston-Salem,North Carolina,NC,249443,37,75000,37,75000,3775000
"Fargo city, North Dakota",Fargo city,Fargo,North Dakota,ND,125830,38,25700,38,25700,3825700
"Akron city, Ohio",Akron city,Akron,Ohio,OH,190534,39,1000,39,01000,3901000
"Cincinnati city, Ohio",Cincinnati city,Cincinnati,Ohio,OH,310242,39,15000,39,15000,3915000
"Cleveland city, Ohio",Cleveland city,Cleveland,Ohio,OH,373091,39,16000,39,16000,3916000
"Columbus city, Ohio",Columbus city,Columbus,Ohio,OH,905672,39,18000,39,18000,3918000
"Dayton city, Ohio",Dayton city,Dayton,Ohio,OH,138310,39,21000,39,21000,3921000
"Parma city, Ohio",Parma city,Parma,Ohio,OH,81047,39,61000,39,61000,3961000
"Toledo city, Ohio",Toledo city,Toledo,Ohio,OH,270726,39,77000,39,77000,3977000
"Broken Arrow city, Oklahoma",Broken Arrow city,Broken Arrow,Oklahoma,OK,113730,40,9050,40,09050,4009050
"Edmond city, Oklahoma",Edmond city,Edmond,Oklahoma,OK,94498,40,23200,40,23200,4023200
"Lawton city, Oklahoma",Lawton city,Lawton,Oklahoma,OK,90537,40,41850,40,41850,4041850
"Norman city, Oklahoma",Norman city,Norman,Oklahoma,OK,127224,40,52500,40,52500,4052500
"Oklahoma City city, Oklahoma",Oklahoma City city,Oklahoma City,Oklahoma,OK,681387,40,55000,40,55000,4055000
"Tulsa city, Oklahoma",Tulsa city,Tulsa,Oklahoma,OK,412458,40,75000,40,75000,4075000
"Beaverton city, Oregon",Beaverton city,Beaverton,Oregon,OR,97521,41,5350,41,05350,4105350
"Bend city, Oregon",Bend city,Bend,Oregon,OR,99126,41,5800,41,05800,4105800
"Eugene city, Oregon",Eugene city,Eugene,Oregon,OR,174753,41,23850,41,23850,4123850
"Gresham city, Oregon",Gresham city,Gresham,Oregon,OR,114507,41,31250,41,31250,4131250
"Hillsboro city, Oregon",Hillsboro city,Hillsboro,Oregon,OR,106448,41,34100,41,34100,4134100
"Medford city, Oregon",Medford city,Medford,Oregon,OR,85828,41,47000,41,47000,4147000
"Portland city, Oregon",Portland city,Portland,Oregon,OR,652089,41,59000,41,59000,4159000
"Salem city, Oregon",Salem city,Salem,Oregon,OR,175432,41,64900,41,64900,4164900
"Allentown city, Pennsylvania",Allentown city,Allentown,Pennsylvania,PA,126092,42,2000,42,02000,4202000
"Bethlehem city, Pennsylvania",Bethlehem city,Bethlehem,Pennsylvania,PA,75710,42,6088,42,06088,4206088
"Erie city, Pennsylvania",Erie city,Erie,Pennsylvania,PA,94823,42,24000,42,24000,4224000
"Philadelphia city, Pennsylvania",Philadelphia city,Philadelphia,Pennsylvania,PA,1603797,42,60000,42,60000,4260000
"Pittsburgh city, Pennsylvania",Pittsburgh city,Pittsburgh,Pennsylvania,PA,303160,42,61000,42,61000,4261000
"Reading city, Pennsylvania",Reading city,Reading,Pennsylvania,PA,95097,42,63624,42,63624,4263624
"Scranton city, Pennsylvania",Scranton city,Scranton,Pennsylvania,PA,76110,42,69000,42,69000,4269000
"Cranston city, Rhode Island",Cranston city,Cranston,Rhode Island,RI,82935,44,19180,44,19180,4419180
"Pawtucket city, Rhode Island",Pawtucket city,Pawtucket,Rhode Island,RI,75842,44,54640,44,54640,4454640
"Providence city, Rhode Island",Providence city,Providence,Rhode Island,RI,190284,44,59000,44,59000,4459000
"Warwick city, Rhode Island",Warwick city,Warwick,Rhode Island,RI,82976,44,74300,44,74300,4474300
"Charleston city, South Carolina",Charleston city,Charleston,South Carolina,SC,150522,45,13330,45,13330,4513330
"Columbia city, South Carolina",Columbia city,Columbia,South Carolina,SC,137300,45,16000,45,16000,4516000
"Mount Pleasant town, South Carolina",Mount Pleasant town,Mount Pleasant,South Carolina,SC,90668,45,48535,45,48535,4548535
"North Charleston city, South Carolina",North Charleston city,North Charleston,South Carolina,SC,115113,45,50875,45,50875,4550875
"Sioux Falls city, South Dakota",Sioux Falls city,Sioux Falls,South Dakota,SD,192683,46,59020,46,59020,4659020
"Chattanooga city, Tennessee",Chattanooga city,Chattanooga,Tennessee,TN,181234,47,14000,47,14000,4714000
"Clarksville city, Tennessee",Clarksville city,Clarksville,Tennessee,TN,166634,47,15160,47,15160,4715160
"Franklin city, Tennessee",Franklin city,Franklin,Tennessee,TN,83347,47,27740,47,27740,4727740
"Knoxville city, Tennessee",Knoxville city,Knoxville,Tennessee,TN,190011,47,40000,47,40000,4740000
"Memphis city, Tennessee",Memphis city,Memphis,Tennessee,TN,632207,47,48000,47,48000,4748000
"Murfreesboro city, Tennessee",Murfreesboro city,Murfreesboro,Tennessee,TN,152437,47,51560,47,51560,4751560
"Nashville-Davidson metropolitan government (balance), Tennessee",Nashville-Davidson metropolitan government (balance),Nashville-Davidson metropolitan government (balance),Tennessee,TN,689504,47,52006,47,52006,4752006
"Abilene city, Texas",Abilene city,Abilene,Texas,TX,124797,48,1000,48,01000,4801000
"Allen city, Texas",Allen city,Allen,Texas,TX,104786,48,1924,48,01924,4801924
"Amarillo city, Texas",Amarillo city,Amarillo,Texas,TX,200904,48,3000,48,03000,4803000
"Arlington city, Texas",Arlington city,Arlington,Texas,TX,394218,48,4000,48,04000,4804000
"Austin city, Texas",Austin city,Austin,Texas,TX,959549,48,5000,48,05000,4805000
"Baytown city, Texas",Baytown city,Baytown,Texas,TX,83698,48,6128,48,06128,4806128
"Beaumont city, Texas",Beaumont city,Beaumont,Texas,TX,114586,48,7000,48,07000,4807000
"Brownsville city, Texas",Brownsville city,Brownsville,Texas,TX,186611,48,10768,48,10768,4810768
"Bryan city, Texas",Bryan city,Bryan,Texas,TX,85461,48,10912,48,10912,4810912
"Carrollton city, Texas",Carrollton city,Carrollton,Texas,TX,133348,48,13024,48,13024,4813024
"Cedar Park city, Texas",Cedar Park city,Cedar Park,Texas,TX,77646,48,13552,48,13552,4813552
"College Station city, Texas",College Station city,College Station,Texas,TX,118180,48,15976,48,15976,4815976
"Conroe city, Texas",Conroe city,Conroe,Texas,TX,89148,48,16432,48,16432,4816432
"Corpus Christi city, Texas",Corpus Christi city,Corpus Christi,Texas,TX,317929,48,17000,48,17000,4817000
"Dallas city, Texas",Dallas city,Dallas,Texas,TX,1304442,48,19000,48,19000,4819000
"Denton city, Texas",Denton city,Denton,Texas,TX,141123,48,19972,48,19972,4819972
"Edinburg city, Texas",Edinburg city,Edinburg,Texas,TX,99678,48,22660,48,22660,4822660
"El Paso city, Texas",El Paso city,El Paso,Texas,TX,678587,48,24000,48,24000,4824000
"Flower Mound town, Texas",Flower Mound town,Flower Mound,Texas,TX,75859,48,26232,48,26232,4826232
"Fort Worth city, Texas",Fort Worth city,Fort Worth,Texas,TX,918377,48,27000,48,27000,4827000
"Frisco city, Texas",Frisco city,Frisco,Texas,TX,200675,48,27684,48,27684,4827684
"Garland city, Texas",Garland city,Garland,Texas,TX,246132,48,29000,48,29000,4829000
"Grand Prairie city, Texas",Grand Prairie city,Grand Prairie,Texas,TX,196272,48,30464,48,30464,4830464
"Houston city, Texas",Houston city,Houston,Texas,TX,2302792,48,35000,48,35000,4835000
"Irving city, Texas",Irving city,Irving,Texas,TX,256793,48,37000,48,37000,4837000
"Killeen city, Texas",Killeen city,Killeen,Texas,TX,152570,48,39148,48,39148,4839148
"Laredo city, Texas",Laredo city,Laredo,Texas,TX,255181,48,41464,48,41464,4841464
"League City city, Texas",League City city,League City,Texas,TX,114426,48,41980,48,41980,4841980
"Lewisville city, Texas",Lewisville city,Lewisville,Texas,TX,111676,48,42508,48,42508,4842508
"Longview city, Texas",Longview city,Longview,Texas,TX,81760,48,43888,48,43888,4843888
"Lubbock city, Texas",Lubbock city,Lubbock,Texas,TX,257180,48,45000,48,45000,4845000
"McAllen city, Texas",McAllen city,McAllen,Texas,TX,142242,48,45384,48,45384,4845384
"McKinney city, Texas",McKinney city,McKinney,Texas,TX,195057,48,45744,48,45744,4845744
"Mesquite city, Texas",Mesquite city,Mesquite,Texas,TX,150308,48,47892,48,47892,4847892
"Midland city, Texas",Midland city,Midland,Texas,TX,132448,48,48072,48,48072,4848072
"Mission city, Texas",Mission city,Mission,Texas,TX,85868,48,48768,48,48768,4848768
"New Braunfels city, Texas",New Braunfels city,New Braunfels,Texas,TX,90136,48,50820,48,50820,4850820
"Odessa city, Texas",Odessa city,Odessa,Texas,TX,114368,48,53388,48,53388,4853388
"Pasadena city, Texas",Pasadena city,Pasadena,Texas,TX,151955,48,56000,48,56000,4856000
"Pearland city, Texas",Pearland city,Pearland,Texas,TX,125944,48,56348,48,56348,4856348
"Pharr city, Texas",Pharr city,Pharr,Texas,TX,79779,48,57200,48,57200,4857200
"Plano city, Texas",Plano city,Plano,Texas,TX,285900,48,58016,48,58016,4858016
"Richardson city, Texas",Richardson city,Richardson,Texas,TX,117973,48,61796,48,61796,4861796
"Round Rock city, Texas",Round Rock city,Round Rock,Texas,TX,119519,48,63500,48,63500,4863500
"San Angelo city, Texas",San Angelo city,San Angelo,Texas,TX,100006,48,64472,48,64472,4864472
"San Antonio city, Texas",San Antonio city,San Antonio,Texas,TX,1434270,48,65000,48,65000,4865000
"Sugar Land city, Texas",Sugar Land city,Sugar Land,Texas,TX,111046,48,70808,48,70808,4870808
"Temple city, Texas",Temple city,Temple,Texas,TX,81938,48,72176,48,72176,4872176
"Tyler city, Texas",Tyler city,Tyler,Texas,TX,105735,48,74144,48,74144,4874144
"Waco city, Texas",Waco city,Waco,Texas,TX,137948,48,76000,48,76000,4876000
"Wichita Falls city, Texas",Wichita Falls city,Wichita Falls,Texas,TX,102498,48,79000,48,79000,4879000
"Layton city, Utah",Layton city,Layton,Utah,UT,81759,49,43660,49,43660,4943660
"Lehi city, Utah",Lehi city,Lehi,Utah,UT,76107,49,44320,49,44320,4944320
"Ogden city, Utah",Ogden city,Ogden,Utah,UT,86830,49,55980,49,55980,4955980
"Orem city, Utah",Orem city,Orem,Utah,UT,98070,49,57300,49,57300,4957300
"Provo city, Utah",Provo city,Provo,Utah,UT,114189,49,62470,49,62470,4962470
"St. George city, Utah",St. George city,St. George,Utah,UT,95284,49,65330,49,65330,4965330
"Salt Lake City city, Utah",Salt Lake City city,Salt Lake City,Utah,UT,198746,49,67000,49,67000,4967000
"Sandy city, Utah",Sandy city,Sandy,Utah,UT,97430,49,67440,49,67440,4967440
"South Jordan city, Utah",South Jordan city,South Jordan,Utah,UT,77661,49,70850,49,70850,4970850
"West Jordan city, Utah",West Jordan city,West Jordan,Utah,UT,117190,49,82950,49,82950,4982950
"West Valley City city, Utah",West Valley City city,West Valley City,Utah,UT,140571,49,83470,49,83470,4983470
"Alexandria city, Virginia",Alexandria city,Alexandria,Virginia,VA,159467,51,1000,51,01000,5101000
"Chesapeake city, Virginia",Chesapeake city,Chesapeake,Virginia,VA,249422,51,16000,51,16000,5116000
"Hampton city, Virginia",Hampton city,Hampton,Virginia,VA,137148,51,35000,51,35000,5135000
"Lynchburg city, Virginia",Lynchburg city,Lynchburg,Virginia,VA,79009,51,47672,51,47672,5147672
"Newport News city, Virginia",Newport News city,Newport News,Virginia,VA,186247,51,56000,51,56000,5156000
"Norfolk city, Virginia",Norfolk city,Norfolk,Virginia,VA,238005,51,57000,51,57000,5157000
"Portsmouth city, Virginia",Portsmouth city,Portsmouth,Virginia,VA,97915,51,64000,51,64000,5164000
"Richmond city, Virginia",Richmond city,Richmond,Virginia,VA,226610,51,67000,51,67000,5167000
"Roanoke city, Virginia",Roanoke city,Roanoke,Virginia,VA,100011,51,68000,51,68000,5168000
"Suffolk city, Virginia",Suffolk city,Suffolk,Virginia,VA,94324,51,76432,51,76432,5176432
"Virginia Beach city, Virginia",Virginia Beach city,Virginia Beach,Virginia,VA,459470,51,82000,51,82000,5182000
"Auburn city, Washington",Auburn city,Auburn,Washington,WA,87351,53,3180,53,03180,5303180
"Bellevue city, Washington",Bellevue city,Bellevue,Washington,WA,152045,53,5210,53,05210,5305210
"Bellingham city, Washington",Bellingham city,Bellingham,Washington,WA,91231,53,5280,53,05280,5305280
"Everett city, Washington",Everett city,Everett,Washington,WA,110723,53,22640,53,22640,5322640
"Federal Way city, Washington",Federal Way city,Federal Way,Washington,WA,101131,53,23515,53,23515,5323515
"Kennewick city, Washington",Kennewick city,Kennewick,Washington,WA,83943,53,35275,53,35275,5335275
"Kent city, Washington",Kent city,Kent,Washington,WA,136750,53,35415,53,35415,5335415
"Kirkland city, Washington",Kirkland city,Kirkland,Washington,WA,92247,53,35940,53,35940,5335940
"Pasco city, Washington",Pasco city,Pasco,Washington,WA,77579,53,53545,53,53545,5353545
"Renton city, Washington",Renton city,Renton,Washington,WA,106966,53,57745,53,57745,5357745
"Seattle city, Washington",Seattle city,Seattle,Washington,WA,735157,53,63000,53,63000,5363000
"Spokane city, Washington",Spokane city,Spokane,Washington,WA,228831,53,67000,53,67000,5367000
"Spokane Valley city, Washington",Spokane Valley city,Spokane Valley,Washington,WA,103317,53,67167,53,67167,5367167
"Tacoma city, Washington",Tacoma city,Tacoma,Washington,WA,219025,53,70000,53,70000,5370000
"Vancouver city, Washington",Vancouver city,Vancouver,Washington,WA,190810,53,74060,53,74060,5374060
"Yakima city, Washington",Yakima city,Yakima,Washington,WA,96873,53,80010,53,80010,5380010
"Appleton city, Wisconsin",Appleton city,Appleton,Wisconsin,WI,75315,55,2375,55,02375,5502375
"Green Bay city, Wisconsin",Green Bay city,Green Bay,Wisconsin,WI,107300,55,31000,55,31000,5531000
"Kenosha city, Wisconsin",Kenosha city,Kenosha,Wisconsin,WI,99882,55,39225,55,39225,5539225
"Madison city, Wisconsin",Madison city,Madison,Wisconsin,WI,268414,55,48000,55,48000,5548000
"Milwaukee city, Wisconsin",Milwaukee city,Milwaukee,Wisconsin,WI,577235,55,53000,55,53000,5553000
"Racine city, Wisconsin",Racine city,Racine,Wisconsin,WI,77775,55,66000,55,66000,5566000
