GeographicArea,population2020,cityname,statename,state_abbr,fips,city
"Birmingham city, Alabama",200763,Birmingham city,Alabama,AL,1,Birmingham
"Huntsville city, Alabama",214372,Huntsville city,Alabama,AL,1,Huntsville
"Hoover city, Alabama",92651,Hoover city,Alabama,AL,1,Hoover
"Mobile city, Alabama",186833,Mobile city,Alabama,AL,1,Mobile
"Tuscaloosa city, Alabama",99706,Tuscaloosa city,Alabama,AL,1,Tuscaloosa
"Montgomery city, Alabama",200567,Montgomery city,Alabama,AL,1,Montgomery
"Auburn city, Alabama",76000,Auburn city,Alabama,AL,1,Auburn
"Anchorage municipality, Alaska",291247,Anchorage municipality,Alaska,AK,2,Anchorage municipality
"Goodyear city, Arizona",95003,Goodyear city,Arizona,AZ,4,Goodyear
"Surprise city, Arizona",143261,Surprise city,Arizona,AZ,4,Surprise
"Scottsdale city, Arizona",241488,Scottsdale city,Arizona,AZ,4,Scottsdale
"Buckeye city, Arizona",91154,Buckeye city,Arizona,AZ,4,Buckeye
"Tempe city, Arizona",179765,Tempe city,Arizona,AZ,4,Tempe
"Chandler city, Arizona",276330,Chandler city,Arizona,AZ,4,Chandler
"Yuma city, Arizona",95814,Yuma city,Arizona,AZ,4,Yuma
"Flagstaff city, Arizona",76781,Flagstaff city,Arizona,AZ,4,Flagstaff
"Peoria city, Arizona",191052,Peoria city,Arizona,AZ,4,Peoria
"Mesa city, Arizona",504500,Mesa city,Arizona,AZ,4,Mesa
"Tucson city, Arizona",541349,Tucson city,Arizona,AZ,4,Tucson
"Gilbert town, Arizona",268302,Gilbert town,Arizona,AZ,4,Gilbert town
"Glendale city, Arizona",248345,Glendale city,Arizona,AZ,4,Glendale
"Avondale city, Arizona",89490,Avondale city,Arizona,AZ,4,Avondale
"Phoenix city, Arizona",1607739,Phoenix city,Arizona,AZ,4,Phoenix
"Fort Smith city, Arkansas",89177,Fort Smith city,Arkansas,AR,5,Fort Smith
"Fayetteville city, Arkansas",93582,Fayetteville city,Arkansas,AR,5,Fayetteville
"Jonesboro city, Arkansas",78524,Jonesboro city,Arkansas,AR,5,Jonesboro
"Springdale city, Arkansas",87441,Springdale city,Arkansas,AR,5,Springdale
"Little Rock city, Arkansas",202514,Little Rock city,Arkansas,AR,5,Little Rock
"Whittier city, California",87383,Whittier city,California,CA,6,Whittier
"Compton city, California",95959,Compton city,California,CA,6,Compton
"Pleasanton city, California",80421,Pleasanton city,California,CA,6,Pleasanton
"Palmdale city, California",169913,Palmdale city,California,CA,6,Palmdale
"Alameda city, California",78611,Alameda city,California,CA,6,Alameda
"El Cajon city, California",106286,El Cajon city,California,CA,6,El Cajon
"Vacaville city, California",102675,Vacaville city,California,CA,6,Vacaville
"Tracy city, California",93356,Tracy city,California,CA,6,Tracy
"Apple Valley town, California",75913,Apple Valley town,California,CA,6,Apple Valley town
"San Jose city, California",1014545,San Jose city,California,CA,6,San Jose
"San Bernardino city, California",221898,San Bernardino city,California,CA,6,San Bernardino
"Santa Ana city, California",310538,Santa Ana city,California,CA,6,Santa Ana
"Fresno city, California",542161,Fresno city,California,CA,6,Fresno
"Pomona city, California",151554,Pomona city,California,CA,6,Pomona
"Vallejo city, California",126035,Vallejo city,California,CA,6,Vallejo
"Upland city, California",79110,Upland city,California,CA,6,Upland
"Chula Vista city, California",276025,Chula Vista city,California,CA,6,Chula Vista
"Folsom city, California",79036,Folsom city,California,CA,6,Folsom
"Mission Viejo city, California",93759,Mission Viejo city,California,CA,6,Mission Viejo
"Santa Monica city, California",93028,Santa Monica city,California,CA,6,Santa Monica
"Simi Valley city, California",126487,Simi Valley city,California,CA,6,Simi Valley
"Oceanside city, California",174352,Oceanside city,California,CA,6,Oceanside
"Santa Barbara city, California",88730,Santa Barbara city,California,CA,6,Santa Barbara
"Sacramento city, California",522754,Sacramento city,California,CA,6,Sacramento
"San Leandro city, California",91675,San Leandro city,California,CA,6,San Leandro
"Westminster city, California",91089,Westminster city,California,CA,6,Westminster
"Salinas city, California",163687,Salinas city,California,CA,6,Salinas
"San Diego city, California",1385922,San Diego city,California,CA,6,San Diego
"Modesto city, California",218471,Modesto city,California,CA,6,Modesto
"West Covina city, California",109772,West Covina city,California,CA,6,West Covina
"Escondido city, California",151271,Escondido city,California,CA,6,Escondido
"Rialto city, California",104216,Rialto city,California,CA,6,Rialto
"Corona city, California",157265,Corona city,California,CA,6,Corona
"Livermore city, California",88614,Livermore city,California,CA,6,Livermore
"Costa Mesa city, California",111915,Costa Mesa city,California,CA,6,Costa Mesa
"Elk Grove city, California",177145,Elk Grove city,California,CA,6,Elk Grove
"Hayward city, California",163635,Hayward city,California,CA,6,Hayward
"Santa Clarita city, California",229213,Santa Clarita city,California,CA,6,Santa Clarita
"Long Beach city, California",466302,Long Beach city,California,CA,6,Long Beach
"Lake Forest city, California",86070,Lake Forest city,California,CA,6,Lake Forest
"Napa city, California",79276,Napa city,California,CA,6,Napa
"Chico city, California",102849,Chico city,California,CA,6,Chico
"El Monte city, California",109554,El Monte city,California,CA,6,El Monte
"Menifee city, California",102654,Menifee city,California,CA,6,Menifee
"Chino city, California",90989,Chino city,California,CA,6,Chino
"Sunnyvale city, California",156291,Sunnyvale city,California,CA,6,Sunnyvale
"Daly City city, California",104940,Daly City city,California,CA,6,Daly City
"Moreno Valley city, California",208865,Moreno Valley city,California,CA,6,Moreno Valley
"Newport Beach city, California",85411,Newport Beach city,California,CA,6,Newport Beach
"Berkeley city, California",119693,Berkeley city,California,CA,6,Berkeley
"Bellflower city, California",79298,Bellflower city,California,CA,6,Bellflower
"Santa Rosa city, California",178155,Santa Rosa city,California,CA,6,Santa Rosa
"San Marcos city, California",94914,San Marcos city,California,CA,6,San Marcos
"Rancho Cucamonga city, California",174628,Rancho Cucamonga city,California,CA,6,Rancho Cucamonga
"Richmond city, California",116287,Richmond city,California,CA,6,Richmond
"Murrieta city, California",111050,Murrieta city,California,CA,6,Murrieta
"Citrus Heights city, California",88018,Citrus Heights city,California,CA,6,Citrus Heights
"Indio city, California",89127,Indio city,California,CA,6,Indio
"Redwood City city, California",84234,Redwood City city,California,CA,6,Redwood City
"Lakewood city, California",82727,Lakewood city,California,CA,6,Lakewood
"Hawthorne city, California",88255,Hawthorne city,California,CA,6,Hawthorne
"Mountain View city, California",82592,Mountain View city,California,CA,6,Mountain View
"Glendale city, California",196841,Glendale city,California,CA,6,Glendale
"Rancho Cordova city, California",79666,Rancho Cordova city,California,CA,6,Rancho Cordova
"Hemet city, California",89855,Hemet city,California,CA,6,Hemet
"Pasadena city, California",138679,Pasadena city,California,CA,6,Pasadena
"Chino Hills city, California",78573,Chino Hills city,California,CA,6,Chino Hills
"Manteca city, California",83678,Manteca city,California,CA,6,Manteca
"Downey city, California",114558,Downey city,California,CA,6,Downey
"South Gate city, California",92971,South Gate city,California,CA,6,South Gate
"Carson city, California",95367,Carson city,California,CA,6,Carson
"Inglewood city, California",107961,Inglewood city,California,CA,6,Inglewood
"Bakersfield city, California",402907,Bakersfield city,California,CA,6,Bakersfield
"Oakland city, California",439349,Oakland city,California,CA,6,Oakland
"Irvine city, California",305313,Irvine city,California,CA,6,Irvine
"Hesperia city, California",100038,Hesperia city,California,CA,6,Hesperia
"Santa Clara city, California",127452,Santa Clara city,California,CA,6,Santa Clara
"Clovis city, California",120254,Clovis city,California,CA,6,Clovis
"Norwalk city, California",102910,Norwalk city,California,CA,6,Norwalk
"Roseville city, California",147817,Roseville city,California,CA,6,Roseville
"Buena Park city, California",84173,Buena Park city,California,CA,6,Buena Park
"Garden Grove city, California",172144,Garden Grove city,California,CA,6,Garden Grove
"Concord city, California",125389,Concord city,California,CA,6,Concord
"Antioch city, California",115360,Antioch city,California,CA,6,Antioch
"Anaheim city, California",347015,Anaheim city,California,CA,6,Anaheim
"Oxnard city, California",202185,Oxnard city,California,CA,6,Oxnard
"Carlsbad city, California",114972,Carlsbad city,California,CA,6,Carlsbad
"San Mateo city, California",105674,San Mateo city,California,CA,6,San Mateo
"Stockton city, California",320759,Stockton city,California,CA,6,Stockton
"Jurupa Valley city, California",105107,Jurupa Valley city,California,CA,6,Jurupa Valley
"Fontana city, California",208766,Fontana city,California,CA,6,Fontana
"Alhambra city, California",83001,Alhambra city,California,CA,6,Alhambra
"Ontario city, California",175518,Ontario city,California,CA,6,Ontario
"Perris city, California",78786,Perris city,California,CA,6,Perris
"Burbank city, California",107563,Burbank city,California,CA,6,Burbank
"Merced city, California",86141,Merced city,California,CA,6,Merced
"San Francisco city, California",873965,San Francisco city,California,CA,6,San Francisco
"Riverside city, California",314347,Riverside city,California,CA,6,Riverside
"Redding city, California",93559,Redding city,California,CA,6,Redding
"Tustin city, California",80142,Tustin city,California,CA,6,Tustin
"Santa Maria city, California",109903,Santa Maria city,California,CA,6,Santa Maria
"Temecula city, California",110130,Temecula city,California,CA,6,Temecula
"San Buenaventura (Ventura) city, California",110600,San Buenaventura (Ventura) city,California,CA,6,San Buenaventura (Ventura)
"Milpitas city, California",80275,Milpitas city,California,CA,6,Milpitas
"Thousand Oaks city, California",126926,Thousand Oaks city,California,CA,6,Thousand Oaks
"Vista city, California",98484,Vista city,California,CA,6,Vista
"Pittsburg city, California",76439,Pittsburg city,California,CA,6,Pittsburg
"Huntington Beach city, California",199140,Huntington Beach city,California,CA,6,Huntington Beach
"Victorville city, California",134550,Victorville city,California,CA,6,Victorville
"Torrance city, California",147323,Torrance city,California,CA,6,Torrance
"Los Angeles city, California",3893986,Los Angeles city,California,CA,6,Los Angeles
"Fullerton city, California",143367,Fullerton city,California,CA,6,Fullerton
"Fremont city, California",232084,Fremont city,California,CA,6,Fremont
"Fairfield city, California",119793,Fairfield city,California,CA,6,Fairfield
"San Ramon city, California",86426,San Ramon city,California,CA,6,San Ramon
"Visalia city, California",141561,Visalia city,California,CA,6,Visalia
"Orange city, California",138992,Orange city,California,CA,6,Orange
"Lancaster city, California",173305,Lancaster city,California,CA,6,Lancaster
"Lakewood city, Colorado",155944,Lakewood city,Colorado,CO,8,Lakewood
"Pueblo city, Colorado",111925,Pueblo city,Colorado,CO,8,Pueblo
"Centennial city, Colorado",108353,Centennial city,Colorado,CO,8,Centennial
"Thornton city, Colorado",141935,Thornton city,Colorado,CO,8,Thornton
"Greeley city, Colorado",108935,Greeley city,Colorado,CO,8,Greeley
"Colorado Springs city, Colorado",479260,Colorado Springs city,Colorado,CO,8,Colorado Springs
"Arvada city, Colorado",124539,Arvada city,Colorado,CO,8,Arvada
"Aurora city, Colorado",386241,Aurora city,Colorado,CO,8,Aurora
"Loveland city, Colorado",76677,Loveland city,Colorado,CO,8,Loveland
"Longmont city, Colorado",100119,Longmont city,Colorado,CO,8,Longmont
"Westminster city, Colorado",116375,Westminster city,Colorado,CO,8,Westminster
"Boulder city, Colorado",105414,Boulder city,Colorado,CO,8,Boulder
"Denver city, Colorado",715522,Denver city,Colorado,CO,8,Denver
"Fort Collins city, Colorado",168972,Fort Collins city,Colorado,CO,8,Fort Collins
"New Haven city, Connecticut",133924,New Haven city,Connecticut,CT,9,New Haven
"Hartford city, Connecticut",121219,Hartford city,Connecticut,CT,9,Hartford
"Bridgeport city, Connecticut",148692,Bridgeport city,Connecticut,CT,9,Bridgeport
"Stamford city, Connecticut",135445,Stamford city,Connecticut,CT,9,Stamford
"Danbury city, Connecticut",86550,Danbury city,Connecticut,CT,9,Danbury
"Waterbury city, Connecticut",114446,Waterbury city,Connecticut,CT,9,Waterbury
"Norwalk city, Connecticut",91143,Norwalk city,Connecticut,CT,9,Norwalk
"Washington city, District of Columbia",689545,Washington city,District of Columbia,,,Washington
"Deltona city, Florida",94158,Deltona city,Florida,FL,12,Deltona
"Melbourne city, Florida",84313,Melbourne city,Florida,FL,12,Melbourne
"North Port city, Florida",75175,North Port city,Florida,FL,12,North Port
"Gainesville city, Florida",139835,Gainesville city,Florida,FL,12,Gainesville
"Miami city, Florida",442265,Miami city,Florida,FL,12,Miami
"Lakeland city, Florida",111881,Lakeland city,Florida,FL,12,Lakeland
"Deerfield Beach city, Florida",86873,Deerfield Beach city,Florida,FL,12,Deerfield Beach
"St. Petersburg city, Florida",258277,St. Petersburg city,Florida,FL,12,St. Petersburg
"Hollywood city, Florida",153061,Hollywood city,Florida,FL,12,Hollywood
"Largo city, Florida",82632,Largo city,Florida,FL,12,Largo
"Sunrise city, Florida",97313,Sunrise city,Florida,FL,12,Sunrise
"Palm Coast city, Florida",89310,Palm Coast city,Florida,FL,12,Palm Coast
"Davie town, Florida",105719,Davie town,Florida,FL,12,Davie town
"Palm Bay city, Florida",119874,Palm Bay city,Florida,FL,12,Palm Bay
"Coral Springs city, Florida",134366,Coral Springs city,Florida,FL,12,Coral Springs
"Boynton Beach city, Florida",80401,Boynton Beach city,Florida,FL,12,Boynton Beach
"Doral city, Florida",75803,Doral city,Florida,FL,12,Doral
"Miami Gardens city, Florida",111579,Miami Gardens city,Florida,FL,12,Miami Gardens
"Miramar city, Florida",134676,Miramar city,Florida,FL,12,Miramar
"Miami Beach city, Florida",82826,Miami Beach city,Florida,FL,12,Miami Beach
"Orlando city, Florida",307674,Orlando city,Florida,FL,12,Orlando
"Plantation city, Florida",91736,Plantation city,Florida,FL,12,Plantation
"Homestead city, Florida",80697,Homestead city,Florida,FL,12,Homestead
"Port St. Lucie city, Florida",204913,Port St. Lucie city,Florida,FL,12,Port St. Lucie
"West Palm Beach city, Florida",117151,West Palm Beach city,Florida,FL,12,West Palm Beach
"Tampa city, Florida",382769,Tampa city,Florida,FL,12,Tampa
"Hialeah city, Florida",223017,Hialeah city,Florida,FL,12,Hialeah
"Pembroke Pines city, Florida",171163,Pembroke Pines city,Florida,FL,12,Pembroke Pines
"Boca Raton city, Florida",96358,Boca Raton city,Florida,FL,12,Boca Raton
"Fort Lauderdale city, Florida",182817,Fort Lauderdale city,Florida,FL,12,Fort Lauderdale
"Kissimmee city, Florida",79242,Kissimmee city,Florida,FL,12,Kissimmee
"Cape Coral city, Florida",194979,Cape Coral city,Florida,FL,12,Cape Coral
"Clearwater city, Florida",117227,Clearwater city,Florida,FL,12,Clearwater
"Pompano Beach city, Florida",112117,Pompano Beach city,Florida,FL,12,Pompano Beach
"Fort Myers city, Florida",85525,Fort Myers city,Florida,FL,12,Fort Myers
"Jacksonville city, Florida",949577,Jacksonville city,Florida,FL,12,Jacksonville
"Tallahassee city, Florida",196068,Tallahassee city,Florida,FL,12,Tallahassee
"Athens-Clarke County unified government (balance), Georgia",127320,Athens-Clarke County unified government (balance),Georgia,GA,13,Athens-Clarke County unified government (balance)
"Johns Creek city, Georgia",82499,Johns Creek city,Georgia,GA,13,Johns Creek
"Columbus city, Georgia",206922,Columbus city,Georgia,GA,13,Columbus
"Roswell city, Georgia",92892,Roswell city,Georgia,GA,13,Roswell
"Savannah city, Georgia",148095,Savannah city,Georgia,GA,13,Savannah
"Augusta-Richmond County consolidated government (balance), Georgia",202123,Augusta-Richmond County consolidated government (balance),Georgia,GA,13,Augusta-Richmond County consolidated government (balance)
"Macon-Bibb County, Georgia",157346,Macon-Bibb County,Georgia,GA,13,Macon-Bibb County
"South Fulton city, Georgia",107524,South Fulton city,Georgia,GA,13,South Fulton
"Sandy Springs city, Georgia",108134,Sandy Springs city,Georgia,GA,13,Sandy Springs
"Warner Robins city, Georgia",80324,Warner Robins city,Georgia,GA,13,Warner Robins
"Atlanta city, Georgia",498602,Atlanta city,Georgia,GA,13,Atlanta
"Urban Honolulu CDP, Hawaii",350943,Urban Honolulu CDP,Hawaii,HI,15,Urban Honolulu CDP
"Meridian city, Idaho",118099,Meridian city,Idaho,ID,16,Meridian
"Boise City city, Idaho",235670,Boise City city,Idaho,ID,16,Boise City
"Nampa city, Idaho",100252,Nampa city,Idaho,ID,16,Nampa
"Waukegan city, Illinois",89361,Waukegan city,Illinois,IL,17,Waukegan
"Joliet city, Illinois",150352,Joliet city,Illinois,IL,17,Joliet
"Peoria city, Illinois",113173,Peoria city,Illinois,IL,17,Peoria
"Springfield city, Illinois",114461,Springfield city,Illinois,IL,17,Springfield
"Champaign city, Illinois",88421,Champaign city,Illinois,IL,17,Champaign
"Bloomington city, Illinois",78273,Bloomington city,Illinois,IL,17,Bloomington
"Chicago city, Illinois",2747231,Chicago city,Illinois,IL,17,Chicago
"Evanston city, Illinois",79035,Evanston city,Illinois,IL,17,Evanston
"Elgin city, Illinois",114809,Elgin city,Illinois,IL,17,Elgin
"Arlington Heights village, Illinois",77595,Arlington Heights village,Illinois,IL,17,Arlington Heights village
"Schaumburg village, Illinois",78691,Schaumburg village,Illinois,IL,17,Schaumburg village
"Aurora city, Illinois",180688,Aurora city,Illinois,IL,17,Aurora
"Naperville city, Illinois",149427,Naperville city,Illinois,IL,17,Naperville
"Cicero town, Illinois",85180,Cicero town,Illinois,IL,17,Cicero town
"Rockford city, Illinois",149009,Rockford city,Illinois,IL,17,Rockford
"Indianapolis city (balance), Indiana",887752,Indianapolis city (balance),Indiana,IN,18,Indianapolis
"Evansville city, Indiana",117298,Evansville city,Indiana,IN,18,Evansville
"Hammond city, Indiana",77754,Hammond city,Indiana,IN,18,Hammond
"Fort Wayne city, Indiana",263852,Fort Wayne city,Indiana,IN,18,Fort Wayne
"South Bend city, Indiana",103675,South Bend city,Indiana,IN,18,South Bend
"Fishers city, Indiana",99053,Fishers city,Indiana,IN,18,Fishers
"Carmel city, Indiana",99777,Carmel city,Indiana,IN,18,Carmel
"Bloomington city, Indiana",79912,Bloomington city,Indiana,IN,18,Bloomington
"Cedar Rapids city, Iowa",137664,Cedar Rapids city,Iowa,IA,19,Cedar Rapids
"Des Moines city, Iowa",214137,Des Moines city,Iowa,IA,19,Des Moines
"Sioux City city, Iowa",85731,Sioux City city,Iowa,IA,19,Sioux City
"Davenport city, Iowa",101728,Davenport city,Iowa,IA,19,Davenport
"Olathe city, Kansas",141238,Olathe city,Kansas,KS,20,Olathe
"Overland Park city, Kansas",197295,Overland Park city,Kansas,KS,20,Overland Park
"Kansas City city, Kansas",156602,Kansas City city,Kansas,KS,20,Kansas City
"Wichita city, Kansas",397070,Wichita city,Kansas,KS,20,Wichita
"Lawrence city, Kansas",94909,Lawrence city,Kansas,KS,20,Lawrence
"Topeka city, Kansas",126515,Topeka city,Kansas,KS,20,Topeka
"Louisville/Jefferson County metro government (balance), Kentucky",632689,Louisville/Jefferson County metro government (balance),Kentucky,KY,21,Louisville/Jefferson County metro government (balance)
"Lexington-Fayette urban county, Kentucky",322570,Lexington-Fayette urban county,Kentucky,KY,21,Lexington-Fayette urban county
"New Orleans city, Louisiana",383997,New Orleans city,Louisiana,LA,22,New Orleans
"Lafayette city, Louisiana",122018,Lafayette city,Louisiana,LA,22,Lafayette
"Baton Rouge city, Louisiana",225128,Baton Rouge city,Louisiana,LA,22,Baton Rouge
"Lake Charles city, Louisiana",85434,Lake Charles city,Louisiana,LA,22,Lake Charles
"Shreveport city, Louisiana",187993,Shreveport city,Louisiana,LA,22,Shreveport
"Frederick city, Maryland",78062,Frederick city,Maryland,MD,24,Frederick
"Baltimore city, Maryland",585708,Baltimore city,Maryland,MD,24,Baltimore
"Newton city, Massachusetts",88787,Newton city,Massachusetts,MA,25,Newton
"Somerville city, Massachusetts",81054,Somerville city,Massachusetts,MA,25,Somerville
"New Bedford city, Massachusetts",101044,New Bedford city,Massachusetts,MA,25,New Bedford
"Lynn city, Massachusetts",101238,Lynn city,Massachusetts,MA,25,Lynn
"Springfield city, Massachusetts",155913,Springfield city,Massachusetts,MA,25,Springfield
"Brockton city, Massachusetts",105652,Brockton city,Massachusetts,MA,25,Brockton
"Lowell city, Massachusetts",115441,Lowell city,Massachusetts,MA,25,Lowell
"Lawrence city, Massachusetts",89152,Lawrence city,Massachusetts,MA,25,Lawrence
"Worcester city, Massachusetts",206601,Worcester city,Massachusetts,MA,25,Worcester
"Cambridge city, Massachusetts",117779,Cambridge city,Massachusetts,MA,25,Cambridge
"Fall River city, Massachusetts",93938,Fall River city,Massachusetts,MA,25,Fall River
"Boston city, Massachusetts",676216,Boston city,Massachusetts,MA,25,Boston
"Quincy city, Massachusetts",101685,Quincy city,Massachusetts,MA,25,Quincy
"Farmington Hills city, Michigan",83991,Farmington Hills city,Michigan,MI,26,Farmington Hills
"Ann Arbor city, Michigan",122830,Ann Arbor city,Michigan,MI,26,Ann Arbor
"Dearborn city, Michigan",109910,Dearborn city,Michigan,MI,26,Dearborn
"Livonia city, Michigan",95531,Livonia city,Michigan,MI,26,Livonia
"Southfield city, Michigan",76579,Southfield city,Michigan,MI,26,Southfield
"Rochester Hills city, Michigan",76293,Rochester Hills city,Michigan,MI,26,Rochester Hills
"Wyoming city, Michigan",76574,Wyoming city,Michigan,MI,26,Wyoming
"Lansing city, Michigan",112954,Lansing city,Michigan,MI,26,Lansing
"Flint city, Michigan",81381,Flint city,Michigan,MI,26,Flint
"Westland city, Michigan",85433,Westland city,Michigan,MI,26,Westland
"Grand Rapids city, Michigan",198487,Grand Rapids city,Michigan,MI,26,Grand Rapids
"Detroit city, Michigan",639614,Detroit city,Michigan,MI,26,Detroit
"Warren city, Michigan",139407,Warren city,Michigan,MI,26,Warren
"Sterling Heights city, Michigan",134348,Sterling Heights city,Michigan,MI,26,Sterling Heights
"Troy city, Michigan",87316,Troy city,Michigan,MI,26,Troy
"Plymouth city, Minnesota",81181,Plymouth city,Minnesota,MN,27,Plymouth
"Duluth city, Minnesota",86645,Duluth city,Minnesota,MN,27,Duluth
"Rochester city, Minnesota",121244,Rochester city,Minnesota,MN,27,Rochester
"St. Paul city, Minnesota",311448,St. Paul city,Minnesota,MN,27,St. Paul
"Woodbury city, Minnesota",75163,Woodbury city,Minnesota,MN,27,Woodbury
"Brooklyn Park city, Minnesota",86688,Brooklyn Park city,Minnesota,MN,27,Brooklyn Park
"Bloomington city, Minnesota",90012,Bloomington city,Minnesota,MN,27,Bloomington
"Minneapolis city, Minnesota",428403,Minneapolis city,Minnesota,MN,27,Minneapolis
"Jackson city, Mississippi",153643,Jackson city,Mississippi,MS,28,Jackson
"Kansas City city, Missouri",507969,Kansas City city,Missouri,MO,29,Kansas City
"Independence city, Missouri",123028,Independence city,Missouri,MO,29,Independence
"O'Fallon city, Missouri",91390,O'Fallon city,Missouri,MO,29,O'Fallon
"Columbia city, Missouri",125691,Columbia city,Missouri,MO,29,Columbia
"Lee's Summit city, Missouri",101160,Lee's Summit city,Missouri,MO,29,Lee's Summit
"St. Louis city, Missouri",301578,St. Louis city,Missouri,MO,29,St. Louis
"Springfield city, Missouri",169767,Springfield city,Missouri,MO,29,Springfield
"Billings city, Montana",117077,Billings city,Montana,MT,30,Billings
"Omaha city, Nebraska",490627,Omaha city,Nebraska,NE,31,Omaha
"Lincoln city, Nebraska",291114,Lincoln city,Nebraska,NE,31,Lincoln
"North Las Vegas city, Nevada",262678,North Las Vegas city,Nevada,NV,32,North Las Vegas
"Sparks city, Nevada",108772,Sparks city,Nevada,NV,32,Sparks
"Henderson city, Nevada",317521,Henderson city,Nevada,NV,32,Henderson
"Reno city, Nevada",263436,Reno city,Nevada,NV,32,Reno
"Las Vegas city, Nevada",641825,Las Vegas city,Nevada,NV,32,Las Vegas
"Nashua city, New Hampshire",91405,Nashua city,New Hampshire,NH,33,Nashua
"Manchester city, New Hampshire",115555,Manchester city,New Hampshire,NH,33,Manchester
"Jersey City city, New Jersey",292412,Jersey City city,New Jersey,NJ,34,Jersey City
"Paterson city, New Jersey",159674,Paterson city,New Jersey,NJ,34,Paterson
"Newark city, New Jersey",310876,Newark city,New Jersey,NJ,34,Newark
"Elizabeth city, New Jersey",137316,Elizabeth city,New Jersey,NJ,34,Elizabeth
"Trenton city, New Jersey",90857,Trenton city,New Jersey,NJ,34,Trenton
"Clifton city, New Jersey",90222,Clifton city,New Jersey,NJ,34,Clifton
"Las Cruces city, New Mexico",111507,Las Cruces city,New Mexico,NM,35,Las Cruces
"Santa Fe city, New Mexico",87497,Santa Fe city,New Mexico,NM,35,Santa Fe
"Rio Rancho city, New Mexico",103977,Rio Rancho city,New Mexico,NM,35,Rio Rancho
"Albuquerque city, New Mexico",564563,Albuquerque city,New Mexico,NM,35,Albuquerque
"New York city, New York",8804190,New York city,New York,NY,36,New York
"New Rochelle city, New York",79996,New Rochelle city,New York,NY,36,New Rochelle
"Rochester city, New York",211233,Rochester city,New York,NY,36,Rochester
"Buffalo city, New York",278302,Buffalo city,New York,NY,36,Buffalo
"Albany city, New York",99345,Albany city,New York,NY,36,Albany
"Syracuse city, New York",147363,Syracuse city,New York,NY,36,Syracuse
"Yonkers city, New York",211237,Yonkers city,New York,NY,36,Yonkers
"Raleigh city, North Carolina",467592,Raleigh city,North Carolina,NC,37,Raleigh
"Greensboro city, North Carolina",297899,Greensboro city,North Carolina,NC,37,Greensboro
"Concord city, North Carolina",105186,Concord city,North Carolina,NC,37,Concord
"Asheville city, North Carolina",94539,Asheville city,North Carolina,NC,37,Asheville
"Gastonia city, North Carolina",80367,Gastonia city,North Carolina,NC,37,Gastonia
"Winston-Salem city, North Carolina",249443,Winston-Salem city,North Carolina,NC,37,Winston-Salem
"High Point city, North Carolina",113887,High Point city,North Carolina,NC,37,High Point
"Cary town, North Carolina",174754,Cary town,North Carolina,NC,37,Cary town
"Charlotte city, North Carolina",874541,Charlotte city,North Carolina,NC,37,Charlotte
"Fayetteville city, North Carolina",208871,Fayetteville city,North Carolina,NC,37,Fayetteville
"Wilmington city, North Carolina",115955,Wilmington city,North Carolina,NC,37,Wilmington
"Greenville city, North Carolina",87882,Greenville city,North Carolina,NC,37,Greenville
"Durham city, North Carolina",283547,Durham city,North Carolina,NC,37,Durham
"Fargo city, North Dakota",125830,Fargo city,North Dakota,ND,38,Fargo
"Akron city, Ohio",190534,Akron city,Ohio,OH,39,Akron
"Dayton city, Ohio",138310,Dayton city,Ohio,OH,39,Dayton
"Cincinnati city, Ohio",310242,Cincinnati city,Ohio,OH,39,Cincinnati
"Cleveland city, Ohio",373091,Cleveland city,Ohio,OH,39,Cleveland
"Columbus city, Ohio",905672,Columbus city,Ohio,OH,39,Columbus
"Toledo city, Ohio",270726,Toledo city,Ohio,OH,39,Toledo
"Parma city, Ohio",81047,Parma city,Ohio,OH,39,Parma
"Edmond city, Oklahoma",94498,Edmond city,Oklahoma,OK,40,Edmond
"Broken Arrow city, Oklahoma",113730,Broken Arrow city,Oklahoma,OK,40,Broken Arrow
"Lawton city, Oklahoma",90537,Lawton city,Oklahoma,OK,40,Lawton
"Oklahoma City city, Oklahoma",681387,Oklahoma City city,Oklahoma,OK,40,Oklahoma City
"Tulsa city, Oklahoma",412458,Tulsa city,Oklahoma,OK,40,Tulsa
"Norman city, Oklahoma",127224,Norman city,Oklahoma,OK,40,Norman
"Portland city, Oregon",652089,Portland city,Oregon,OR,41,Portland
"Salem city, Oregon",175432,Salem city,Oregon,OR,41,Salem
"Beaverton city, Oregon",97521,Beaverton city,Oregon,OR,41,Beaverton
"Medford city, Oregon",85828,Medford city,Oregon,OR,41,Medford
"Gresham city, Oregon",114507,Gresham city,Oregon,OR,41,Gresham
"Eugene city, Oregon",174753,Eugene city,Oregon,OR,41,Eugene
"Bend city, Oregon",99126,Bend city,Oregon,OR,41,Bend
"Hillsboro city, Oregon",106448,Hillsboro city,Oregon,OR,41,Hillsboro
"Reading city, Pennsylvania",95097,Reading city,Pennsylvania,PA,42,Reading
"Allentown city, Pennsylvania",126092,Allentown city,Pennsylvania,PA,42,Allentown
"Scranton city, Pennsylvania",76110,Scranton city,Pennsylvania,PA,42,Scranton
"Philadelphia city, Pennsylvania",1603797,Philadelphia city,Pennsylvania,PA,42,Philadelphia
"Pittsburgh city, Pennsylvania",303160,Pittsburgh city,Pennsylvania,PA,42,Pittsburgh
"Erie city, Pennsylvania",94823,Erie city,Pennsylvania,PA,42,Erie
"Bethlehem city, Pennsylvania",75710,Bethlehem city,Pennsylvania,PA,42,Bethlehem
"Providence city, Rhode Island",190284,Providence city,Rhode Island,RI,44,Providence
"Pawtucket city, Rhode Island",75842,Pawtucket city,Rhode Island,RI,44,Pawtucket
"Warwick city, Rhode Island",82976,Warwick city,Rhode Island,RI,44,Warwick
"Cranston city, Rhode Island",82935,Cranston city,Rhode Island,RI,44,Cranston
"Mount Pleasant town, South Carolina",90668,Mount Pleasant town,South Carolina,SC,45,Mount Pleasant town
"Columbia city, South Carolina",137300,Columbia city,South Carolina,SC,45,Columbia
"Charleston city, South Carolina",150522,Charleston city,South Carolina,SC,45,Charleston
"North Charleston city, South Carolina",115113,North Charleston city,South Carolina,SC,45,North Charleston
"Sioux Falls city, South Dakota",192683,Sioux Falls city,South Dakota,SD,46,Sioux Falls
"Chattanooga city, Tennessee",181234,Chattanooga city,Tennessee,TN,47,Chattanooga
"Franklin city, Tennessee",83347,Franklin city,Tennessee,TN,47,Franklin
"Knoxville city, Tennessee",190011,Knoxville city,Tennessee,TN,47,Knoxville
"Murfreesboro city, Tennessee",152437,Murfreesboro city,Tennessee,TN,47,Murfreesboro
"Clarksville city, Tennessee",166634,Clarksville city,Tennessee,TN,47,Clarksville
"Nashville-Davidson metropolitan government (balance), Tennessee",689504,Nashville-Davidson metropolitan government (balance),Tennessee,TN,47,Nashville-Davidson metropolitan government (balance)
"Memphis city, Tennessee",632207,Memphis city,Tennessee,TN,47,Memphis
"Sugar Land city, Texas",111046,Sugar Land city,Texas,TX,48,Sugar Land
"Killeen city, Texas",152570,Killeen city,Texas,TX,48,Killeen
"Cedar Park city, Texas",77646,Cedar Park city,Texas,TX,48,Cedar Park
"Baytown city, Texas",83698,Baytown city,Texas,TX,48,Baytown
"Wichita Falls city, Texas",102498,Wichita Falls city,Texas,TX,48,Wichita Falls
"Pharr city, Texas",79779,Pharr city,Texas,TX,48,Pharr
"Abilene city, Texas",124797,Abilene city,Texas,TX,48,Abilene
"Tyler city, Texas",105735,Tyler city,Texas,TX,48,Tyler
"Pasadena city, Texas",151955,Pasadena city,Texas,TX,48,Pasadena
"Garland city, Texas",246132,Garland city,Texas,TX,48,Garland
"League City city, Texas",114426,League City city,Texas,TX,48,League City
"Mission city, Texas",85868,Mission city,Texas,TX,48,Mission
"Grand Prairie city, Texas",196272,Grand Prairie city,Texas,TX,48,Grand Prairie
"Bryan city, Texas",85461,Bryan city,Texas,TX,48,Bryan
"Arlington city, Texas",394218,Arlington city,Texas,TX,48,Arlington
"Allen city, Texas",104786,Allen city,Texas,TX,48,Allen
"Brownsville city, Texas",186611,Brownsville city,Texas,TX,48,Brownsville
"Fort Worth city, Texas",918377,Fort Worth city,Texas,TX,48,Fort Worth
"San Angelo city, Texas",100006,San Angelo city,Texas,TX,48,San Angelo
"Lubbock city, Texas",257180,Lubbock city,Texas,TX,48,Lubbock
"Waco city, Texas",137948,Waco city,Texas,TX,48,Waco
"Plano city, Texas",285900,Plano city,Texas,TX,48,Plano
"Temple city, Texas",81938,Temple city,Texas,TX,48,Temple
"Denton city, Texas",141123,Denton city,Texas,TX,48,Denton
"Corpus Christi city, Texas",317929,Corpus Christi city,Texas,TX,48,Corpus Christi
"Longview city, Texas",81760,Longview city,Texas,TX,48,Longview
"Mesquite city, Texas",150308,Mesquite city,Texas,TX,48,Mesquite
"Frisco city, Texas",200675,Frisco city,Texas,TX,48,Frisco
"El Paso city, Texas",678587,El Paso city,Texas,TX,48,El Paso
"Irving city, Texas",256793,Irving city,Texas,TX,48,Irving
"Pearland city, Texas",125944,Pearland city,Texas,TX,48,Pearland
"Flower Mound town, Texas",75859,Flower Mound town,Texas,TX,48,Flower Mound town
"Carrollton city, Texas",133348,Carrollton city,Texas,TX,48,Carrollton
"Midland city, Texas",132448,Midland city,Texas,TX,48,Midland
"Amarillo city, Texas",200904,Amarillo city,Texas,TX,48,Amarillo
"McAllen city, Texas",142242,McAllen city,Texas,TX,48,McAllen
"Conroe city, Texas",89148,Conroe city,Texas,TX,48,Conroe
"San Antonio city, Texas",1434270,San Antonio city,Texas,TX,48,San Antonio
"Houston city, Texas",2302792,Houston city,Texas,TX,48,Houston
"Laredo city, Texas",255181,Laredo city,Texas,TX,48,Laredo
"Odessa city, Texas",114368,Odessa city,Texas,TX,48,Odessa
"Edinburg city, Texas",99678,Edinburg city,Texas,TX,48,Edinburg
"Lewisville city, Texas",111676,Lewisville city,Texas,TX,48,Lewisville
"Austin city, Texas",959549,Austin city,Texas,TX,48,Austin
"New Braunfels city, Texas",90136,New Braunfels city,Texas,TX,48,New Braunfels
"Dallas city, Texas",1304442,Dallas city,Texas,TX,48,Dallas
"Beaumont city, Texas",114586,Beaumont city,Texas,TX,48,Beaumont
"McKinney city, Texas",195057,McKinney city,Texas,TX,48,McKinney
"Richardson city, Texas",117973,Richardson city,Texas,TX,48,Richardson
"College Station city, Texas",118180,College Station city,Texas,TX,48,College Station
"Round Rock city, Texas",119519,Round Rock city,Texas,TX,48,Round Rock
"St. George city, Utah",95284,St. George city,Utah,UT,49,St. George
"Lehi city, Utah",76107,Lehi city,Utah,UT,49,Lehi
"Sandy city, Utah",97430,Sandy city,Utah,UT,49,Sandy
"Ogden city, Utah",86830,Ogden city,Utah,UT,49,Ogden
"Orem city, Utah",98070,Orem city,Utah,UT,49,Orem
"Provo city, Utah",114189,Provo city,Utah,UT,49,Provo
"Layton city, Utah",81759,Layton city,Utah,UT,49,Layton
"Salt Lake City city, Utah",198746,Salt Lake City city,Utah,UT,49,Salt Lake City
"West Valley City city, Utah",140571,West Valley City city,Utah,UT,49,West Valley City
"West Jordan city, Utah",117190,West Jordan city,Utah,UT,49,West Jordan
"South Jordan city, Utah",77661,South Jordan city,Utah,UT,49,South Jordan
"Richmond city, Virginia",226610,Richmond city,Virginia,VA,51,Richmond
"Virginia Beach city, Virginia",459470,Virginia Beach city,Virginia,VA,51,Virginia Beach
"Newport News city, Virginia",186247,Newport News city,Virginia,VA,51,Newport News
"Portsmouth city, Virginia",97915,Portsmouth city,Virginia,VA,51,Portsmouth
"Alexandria city, Virginia",159467,Alexandria city,Virginia,VA,51,Alexandria
"Chesapeake city, Virginia",249422,Chesapeake city,Virginia,VA,51,Chesapeake
"Suffolk city, Virginia",94324,Suffolk city,Virginia,VA,51,Suffolk
"Roanoke city, Virginia",100011,Roanoke city,Virginia,VA,51,Roanoke
"Norfolk city, Virginia",238005,Norfolk city,Virginia,VA,51,Norfolk
"Lynchburg city, Virginia",79009,Lynchburg city,Virginia,VA,51,Lynchburg
"Hampton city, Virginia",137148,Hampton city,Virginia,VA,51,Hampton
"Bellevue city, Washington",152045,Bellevue city,Washington,WA,53,Bellevue
"Renton city, Washington",106966,Renton city,Washington,WA,53,Renton
"Seattle city, Washington",735157,Seattle city,Washington,WA,53,Seattle
"Vancouver city, Washington",190810,Vancouver city,Washington,WA,53,Vancouver
"Yakima city, Washington",96873,Yakima city,Washington,WA,53,Yakima
"Pasco city, Washington",77579,Pasco city,Washington,WA,53,Pasco
"Kent city, Washington",136750,Kent city,Washington,WA,53,Kent
"Tacoma city, Washington",219025,Tacoma city,Washington,WA,53,Tacoma
"Spokane Valley city, Washington",103317,Spokane Valley city,Washington,WA,53,Spokane Valley
"Kennewick city, Washington",83943,Kennewick city,Washington,WA,53,Kennewick
"Auburn city, Washington",87351,Auburn city,Washington,WA,53,Auburn
"Kirkland city, Washington",92247,Kirkland city,Washington,WA,53,Kirkland
"Spokane city, Washington",228831,Spokane city,Washington,WA,53,Spokane
"Bellingham city, Washington",91231,Bellingham city,Washington,WA,53,Bellingham
"Everett city, Washington",110723,Everett city,Washington,WA,53,Everett
"Federal Way city, Washington",101131,Federal Way city,Washington,WA,53,Federal Way
"Kenosha city, Wisconsin",99882,Kenosha city,Wisconsin,WI,55,Kenosha
"Appleton city, Wisconsin",75315,Appleton city,Wisconsin,WI,55,Appleton
"Green Bay city, Wisconsin",107300,Green Bay city,Wisconsin,WI,55,Green Bay
"Madison city, Wisconsin",268414,Madison city,Wisconsin,WI,55,Madison
"Racine city, Wisconsin",77775,Racine city,Wisconsin,WI,55,Racine
"Milwaukee city, Wisconsin",577235,Milwaukee city,Wisconsin,WI,55,Milwaukee
